Workbook

Sheet Summary
A1: Summary by Module
A2: Source: Figma file 'Dentist' (https://www.figma.com/design/dAKa9xPhXAuRKat5jGS8Hx/Dentist), Page 1, as of Oct 11, 2026.
A4: Module ID | B4: Module | C4: Sub-modules | D4: Features | E4: Screens
A5: M00 | B5: Global / Shell | C5: =COUNTIFS('Module List'!$A:$A,"M00.*",'Module List'!$B:$B,"Sub-module") -> 1 | D5: =COUNTIFS('Module List'!$A:$A,"M00.*",'Module List'!$B:$B,"Feature") -> 5 | E5: =COUNTIF('Screen Inventory'!$B:$B,"M00") -> 0
A6: M01 | B6: Dashboard | C6: =COUNTIFS('Module List'!$A:$A,"M01.*",'Module List'!$B:$B,"Sub-module") -> 1 | D6: =COUNTIFS('Module List'!$A:$A,"M01.*",'Module List'!$B:$B,"Feature") -> 6 | E6: =COUNTIF('Screen Inventory'!$B:$B,"M01") -> 1
A7: M02 | B7: Appointments | C7: =COUNTIFS('Module List'!$A:$A,"M02.*",'Module List'!$B:$B,"Sub-module") -> 4 | D7: =COUNTIFS('Module List'!$A:$A,"M02.*",'Module List'!$B:$B,"Feature") -> 20 | E7: =COUNTIF('Screen Inventory'!$B:$B,"M02") -> 26
A8: M03 | B8: Patients | C8: =COUNTIFS('Module List'!$A:$A,"M03.*",'Module List'!$B:$B,"Sub-module") -> 10 | D8: =COUNTIFS('Module List'!$A:$A,"M03.*",'Module List'!$B:$B,"Feature") -> 35 | E8: =COUNTIF('Screen Inventory'!$B:$B,"M03") -> 39
A9: M04 | B9: Reports | C9: =COUNTIFS('Module List'!$A:$A,"M04.*",'Module List'!$B:$B,"Sub-module") -> 2 | D9: =COUNTIFS('Module List'!$A:$A,"M04.*",'Module List'!$B:$B,"Feature") -> 6 | E9: =COUNTIF('Screen Inventory'!$B:$B,"M04") -> 6
A10: M05 | B10: Account | C10: =COUNTIFS('Module List'!$A:$A,"M05.*",'Module List'!$B:$B,"Sub-module") -> 2 | D10: =COUNTIFS('Module List'!$A:$A,"M05.*",'Module List'!$B:$B,"Feature") -> 11 | E10: =COUNTIF('Screen Inventory'!$B:$B,"M05") -> 11
B11: Total | C11: =SUM(C5:C10) -> 20 | D11: =SUM(D5:D10) -> 83 | E11: =SUM(E5:E10) -> 83

Sheet Module Map
A1: Oralux Dentist Portal — Module Map
A2: Source: Figma file 'Dentist' (https://www.figma.com/design/dAKa9xPhXAuRKat5jGS8Hx/Dentist), Page 1, as of Oct 11, 2026. Read left to right: Module → Sub-module → Feature.
A4: Module | B4: Sub-module | C4: Feature | D4: Screens | E4: Figma
A5: M00 Global / Shell | B5: M00.01 Navigation & Layout | C5: M00.01.01 Org / clinic switcher | D5: =COUNTIF('Screen Inventory'!$F:$F,"M00.01.01") -> 0
C6: M00.01.02 Sidebar menu | D6: =COUNTIF('Screen Inventory'!$F:$F,"M00.01.02") -> 0
C7: M00.01.03 Global search (⌘K) | D7: =COUNTIF('Screen Inventory'!$F:$F,"M00.01.03") -> 0
C8: M00.01.04 Notifications | D8: =COUNTIF('Screen Inventory'!$F:$F,"M00.01.04") -> 0
C9: M00.01.05 User menu | D9: =COUNTIF('Screen Inventory'!$F:$F,"M00.01.05") -> 0
A10: M01 Dashboard | B10: M01.01 Overview | C10: M01.01.01 Greeting & day summary | D10: =COUNTIF('Screen Inventory'!$F:$F,"M01.01.01") -> 1 | E10: Open
C11: M01.01.02 Today's schedule | D11: =COUNTIF('Screen Inventory'!$F:$F,"M01.01.02") -> 0
C12: M01.01.03 Up next card | D12: =COUNTIF('Screen Inventory'!$F:$F,"M01.01.03") -> 0
C13: M01.01.04 Appointment requests widget | D13: =COUNTIF('Screen Inventory'!$F:$F,"M01.01.04") -> 0
C14: M01.01.05 Patients seen per month | D14: =COUNTIF('Screen Inventory'!$F:$F,"M01.01.05") -> 0
C15: M01.01.06 Recent patients | D15: =COUNTIF('Screen Inventory'!$F:$F,"M01.01.06") -> 0
A16: M02 Appointments | B16: M02.01 Calendar Views | C16: M02.01.01 Day view | D16: =COUNTIF('Screen Inventory'!$F:$F,"M02.01.01") -> 2 | E16: Open
C17: M02.01.02 Date filter | D17: =COUNTIF('Screen Inventory'!$F:$F,"M02.01.02") -> 1 | E17: Open
C18: M02.01.03 Week view | D18: =COUNTIF('Screen Inventory'!$F:$F,"M02.01.03") -> 1 | E18: Open
C19: M02.01.04 Month view | D19: =COUNTIF('Screen Inventory'!$F:$F,"M02.01.04") -> 1 | E19: Open
C20: M02.01.05 Filters & toolbar | D20: =COUNTIF('Screen Inventory'!$F:$F,"M02.01.05") -> 0
C21: M02.01.06 Status legend & summary | D21: =COUNTIF('Screen Inventory'!$F:$F,"M02.01.06") -> 0
B22: M02.02 Appointment Details | C22: M02.02.01 View details | D22: =COUNTIF('Screen Inventory'!$F:$F,"M02.02.01") -> 1 | E22: Open
C23: M02.02.02 Status states | D23: =COUNTIF('Screen Inventory'!$F:$F,"M02.02.02") -> 6 | E23: Open
C24: M02.02.03 Reschedule | D24: =COUNTIF('Screen Inventory'!$F:$F,"M02.02.03") -> 1 | E24: Open
C25: M02.02.04 Cancel appointment | D25: =COUNTIF('Screen Inventory'!$F:$F,"M02.02.04") -> 1 | E25: Open
C26: M02.02.05 More actions menu | D26: =COUNTIF('Screen Inventory'!$F:$F,"M02.02.05") -> 1 | E26: Open
C27: M02.02.06 Change procedure | D27: =COUNTIF('Screen Inventory'!$F:$F,"M02.02.06") -> 1 | E27: Open
C28: M02.02.07 Last visit history | D28: =COUNTIF('Screen Inventory'!$F:$F,"M02.02.07") -> 1 | E28: Open
B29: M02.03 Add Appointment | C29: M02.03.01 Select patient | D29: =COUNTIF('Screen Inventory'!$F:$F,"M02.03.01") -> 3 | E29: Open
C30: M02.03.02 Select procedure & schedule | D30: =COUNTIF('Screen Inventory'!$F:$F,"M02.03.02") -> 1 | E30: Open
C31: M02.03.03 All procedures list | D31: =COUNTIF('Screen Inventory'!$F:$F,"M02.03.03") -> 1 | E31: Open
C32: M02.03.04 Review & confirm | D32: =COUNTIF('Screen Inventory'!$F:$F,"M02.03.04") -> 1 | E32: Open
C33: M02.03.05 Booking confirmation | D33: =COUNTIF('Screen Inventory'!$F:$F,"M02.03.05") -> 1 | E33: Open
B34: M02.04 Appointment Requests | C34: M02.04.01 Requests drawer | D34: =COUNTIF('Screen Inventory'!$F:$F,"M02.04.01") -> 1 | E34: Open
C35: M02.04.02 Request details | D35: =COUNTIF('Screen Inventory'!$F:$F,"M02.04.02") -> 1 | E35: Open
A36: M03 Patients | B36: M03.01 Patient List | C36: M03.01.01 Patient list | D36: =COUNTIF('Screen Inventory'!$F:$F,"M03.01.01") -> 1 | E36: Open
B37: M03.02 Add Patient | C37: M03.02.01 Add patient form | D37: =COUNTIF('Screen Inventory'!$F:$F,"M03.02.01") -> 1 | E37: Open
C38: M03.02.02 Add success | D38: =COUNTIF('Screen Inventory'!$F:$F,"M03.02.02") -> 1 | E38: Open
C39: M03.02.03 Duplicate detection | D39: =COUNTIF('Screen Inventory'!$F:$F,"M03.02.03") -> 1 | E39: Open
C40: M03.02.04 Merge records | D40: =COUNTIF('Screen Inventory'!$F:$F,"M03.02.04") -> 1 | E40: Open
C41: M03.02.05 Merge success | D41: =COUNTIF('Screen Inventory'!$F:$F,"M03.02.05") -> 1 | E41: Open
B42: M03.03 Patient Details · Header | C42: M03.03.01 Patient summary | D42: =COUNTIF('Screen Inventory'!$F:$F,"M03.03.01") -> 0
C43: M03.03.02 Quick actions | D43: =COUNTIF('Screen Inventory'!$F:$F,"M03.03.02") -> 0
C44: M03.03.03 Outstanding balance | D44: =COUNTIF('Screen Inventory'!$F:$F,"M03.03.03") -> 0
C45: M03.03.04 Recent activity | D45: =COUNTIF('Screen Inventory'!$F:$F,"M03.03.04") -> 0
B46: M03.04 General | C46: M03.04.01 View general info | D46: =COUNTIF('Screen Inventory'!$F:$F,"M03.04.01") -> 1 | E46: Open
C47: M03.04.02 Edit general info | D47: =COUNTIF('Screen Inventory'!$F:$F,"M03.04.02") -> 1 | E47: Open
B48: M03.05 Medical History | C48: M03.05.01 View medical history | D48: =COUNTIF('Screen Inventory'!$F:$F,"M03.05.01") -> 1 | E48: Open
C49: M03.05.02 Edit medical history | D49: =COUNTIF('Screen Inventory'!$F:$F,"M03.05.02") -> 1 | E49: Open
B50: M03.06 Dental Record Chart | C50: M03.06.01 Chart · collapsed | D50: =COUNTIF('Screen Inventory'!$F:$F,"M03.06.01") -> 1 | E50: Open
C51: M03.06.02 Chart · expanded | D51: =COUNTIF('Screen Inventory'!$F:$F,"M03.06.02") -> 1 | E51: Open
C52: M03.06.03 Full-screen chart | D52: =COUNTIF('Screen Inventory'!$F:$F,"M03.06.03") -> 1 | E52: Open
B53: M03.07 Transaction Record | C53: M03.07.01 Transaction list | D53: =COUNTIF('Screen Inventory'!$F:$F,"M03.07.01") -> 1 | E53: Open
C54: M03.07.02 Add transaction · type | D54: =COUNTIF('Screen Inventory'!$F:$F,"M03.07.02") -> 1 | E54: Open
C55: M03.07.03 Add transaction · procedure | D55: =COUNTIF('Screen Inventory'!$F:$F,"M03.07.03") -> 1 | E55: Open
B56: M03.08 Statement of Account | C56: M03.08.01 Statement of account | D56: =COUNTIF('Screen Inventory'!$F:$F,"M03.08.01") -> 1 | E56: Open
B57: M03.09 Docs | C57: M03.09.01 Document list | D57: =COUNTIF('Screen Inventory'!$F:$F,"M03.09.01") -> 1 | E57: Open
C58: M03.09.02 Row actions menu | D58: =COUNTIF('Screen Inventory'!$F:$F,"M03.09.02") -> 1 | E58: Open
C59: M03.09.03 Add document · choose type | D59: =COUNTIF('Screen Inventory'!$F:$F,"M03.09.03") -> 1 | E59: Open
C60: M03.09.04 Prescription | D60: =COUNTIF('Screen Inventory'!$F:$F,"M03.09.04") -> 1 | E60: Open
C61: M03.09.05 Dental certificate | D61: =COUNTIF('Screen Inventory'!$F:$F,"M03.09.05") -> 1 | E61: Open
C62: M03.09.06 Informed consent | D62: =COUNTIF('Screen Inventory'!$F:$F,"M03.09.06") -> 1 | E62: Open
C63: M03.09.07 Privacy notice & consent | D63: =COUNTIF('Screen Inventory'!$F:$F,"M03.09.07") -> 3 | E63: Open
C64: M03.09.08 Upload document | D64: =COUNTIF('Screen Inventory'!$F:$F,"M03.09.08") -> 1 | E64: Open
C65: M03.09.09 Custom document | D65: =COUNTIF('Screen Inventory'!$F:$F,"M03.09.09") -> 1 | E65: Open
B66: M03.10 Images | C66: M03.10.01 Photos | D66: =COUNTIF('Screen Inventory'!$F:$F,"M03.10.01") -> 2 | E66: Open
C67: M03.10.02 Upload photos | D67: =COUNTIF('Screen Inventory'!$F:$F,"M03.10.02") -> 2 | E67: Open
C68: M03.10.03 Albums | D68: =COUNTIF('Screen Inventory'!$F:$F,"M03.10.03") -> 1 | E68: Open
C69: M03.10.04 Album detail | D69: =COUNTIF('Screen Inventory'!$F:$F,"M03.10.04") -> 3 | E69: Open
C70: M03.10.05 Photo viewer | D70: =COUNTIF('Screen Inventory'!$F:$F,"M03.10.05") -> 3 | E70: Open
A71: M04 Reports | B71: M04.01 Patients Report | C71: M04.01.01 Filters & dentist selection | D71: =COUNTIF('Screen Inventory'!$F:$F,"M04.01.01") -> 1 | E71: Open
C72: M04.01.02 Patient details report | D72: =COUNTIF('Screen Inventory'!$F:$F,"M04.01.02") -> 1 | E72: Open
C73: M04.01.03 Procedure report | D73: =COUNTIF('Screen Inventory'!$F:$F,"M04.01.03") -> 1 | E73: Open
C74: M04.01.04 Tooth condition report | D74: =COUNTIF('Screen Inventory'!$F:$F,"M04.01.04") -> 1 | E74: Open
C75: M04.01.05 Filter columns | D75: =COUNTIF('Screen Inventory'!$F:$F,"M04.01.05") -> 1 | E75: Open
B76: M04.02 Commission Report | C76: M04.02.01 Commission report | D76: =COUNTIF('Screen Inventory'!$F:$F,"M04.02.01") -> 1 | E76: Open
A77: M05 Account | B77: M05.01 Profile | C77: M05.01.01 Profile details | D77: =COUNTIF('Screen Inventory'!$F:$F,"M05.01.01") -> 1 | E77: Open
C78: M05.01.02 Update profile | D78: =COUNTIF('Screen Inventory'!$F:$F,"M05.01.02") -> 1 | E78: Open
C79: M05.01.03 Update email | D79: =COUNTIF('Screen Inventory'!$F:$F,"M05.01.03") -> 1 | E79: Open
C80: M05.01.04 Verify email | D80: =COUNTIF('Screen Inventory'!$F:$F,"M05.01.04") -> 1 | E80: Open
C81: M05.01.05 Update mobile number | D81: =COUNTIF('Screen Inventory'!$F:$F,"M05.01.05") -> 1 | E81: Open
C82: M05.01.06 Update password | D82: =COUNTIF('Screen Inventory'!$F:$F,"M05.01.06") -> 1 | E82: Open
B83: M05.02 My Signature | C83: M05.02.01 Signature · empty | D83: =COUNTIF('Screen Inventory'!$F:$F,"M05.02.01") -> 1 | E83: Open
C84: M05.02.02 Signature · saved | D84: =COUNTIF('Screen Inventory'!$F:$F,"M05.02.02") -> 1 | E84: Open
C85: M05.02.03 Draw signature | D85: =COUNTIF('Screen Inventory'!$F:$F,"M05.02.03") -> 1 | E85: Open
C86: M05.02.04 Upload signature | D86: =COUNTIF('Screen Inventory'!$F:$F,"M05.02.04") -> 1 | E86: Open
C87: M05.02.05 Remove signature | D87: =COUNTIF('Screen Inventory'!$F:$F,"M05.02.05") -> 1 | E87: Open
C88: Total screens | D88: =SUM(D5:D87) -> 83
A89: Features with 0 screens are shared UI shown on other screens (e.g. sidebar, patient header), not separate frames.

Sheet Module List
A1: Oralux Dentist Portal — Module List
A2: Source: Figma file 'Dentist' (https://www.figma.com/design/dAKa9xPhXAuRKat5jGS8Hx/Dentist), Page 1, as of Oct 11, 2026.
A4: ID | B4: Level | C4: Module | D4: Sub-module | E4: Feature | F4: Description | G4: Screens | H4: Figma link | I4: Notes
A5: M00 | B5: Module | C5: Global / Shell | F5: App frame shared by every screen: navigation, search and user context. | G5: =COUNTIF('Screen Inventory'!$B:$B,"M00") -> 0
A6: M00.01 | B6: Sub-module | C6: Global / Shell | D6: Navigation & Layout | F6: Persistent sidebar and top bar. | G6: =COUNTIF('Screen Inventory'!$D:$D,"M00.01") -> 0
A7: M00.01.01 | B7: Feature | C7: Global / Shell | D7: Navigation & Layout | E7: Org / clinic switcher | F7: Clinic logo and name with 'Powered by oralux'; collapse-panel toggle. | G7: =COUNTIF('Screen Inventory'!$F:$F,"M00.01.01") -> 0 | I7: Shared UI — no dedicated frame
A8: M00.01.02 | B8: Feature | C8: Global / Shell | D8: Navigation & Layout | E8: Sidebar menu | F8: Links to Dashboard, Appointments (Schedule), Patients and Reports. | G8: =COUNTIF('Screen Inventory'!$F:$F,"M00.01.02") -> 0 | I8: Shared UI — no dedicated frame
A9: M00.01.03 | B9: Feature | C9: Global / Shell | D9: Navigation & Layout | E9: Global search (⌘K) | F9: Search patients and records from anywhere. | G9: =COUNTIF('Screen Inventory'!$F:$F,"M00.01.03") -> 0 | I9: Shared UI — no dedicated frame
A10: M00.01.04 | B10: Feature | C10: Global / Shell | D10: Navigation & Layout | E10: Notifications | F10: Bell with unread count badge. | G10: =COUNTIF('Screen Inventory'!$F:$F,"M00.01.04") -> 0 | I10: Shared UI — no dedicated frame
A11: M00.01.05 | B11: Feature | C11: Global / Shell | D11: Navigation & Layout | E11: User menu | F11: Logged-in dentist name, email and avatar; entry to Account. | G11: =COUNTIF('Screen Inventory'!$F:$F,"M00.01.05") -> 0 | I11: Shared UI — no dedicated frame
A12: M01 | B12: Module | C12: Dashboard | F12: Dentist landing page summarising today's work. | G12: =COUNTIF('Screen Inventory'!$B:$B,"M01") -> 1
A13: M01.01 | B13: Sub-module | C13: Dashboard | D13: Overview | F13: Daily summary for the logged-in dentist. | G13: =COUNTIF('Screen Inventory'!$D:$D,"M01.01") -> 1
A14: M01.01.01 | B14: Feature | C14: Dashboard | D14: Overview | E14: Greeting & day summary | F14: Greeting, date and number of appointments today. | G14: =COUNTIF('Screen Inventory'!$F:$F,"M01.01.01") -> 1 | H14: Open
A15: M01.01.02 | B15: Feature | C15: Dashboard | D15: Overview | E15: Today's schedule | F15: Timeline of today's appointments with status; next free slot; View all. | G15: =COUNTIF('Screen Inventory'!$F:$F,"M01.01.02") -> 0 | I15: Shared UI — no dedicated frame
A16: M01.01.03 | B16: Feature | C16: Dashboard | D16: Overview | E16: Up next card | F16: Next patient in N minutes with procedure/tooth; View patient / Dental chart shortcuts. | G16: =COUNTIF('Screen Inventory'!$F:$F,"M01.01.03") -> 0 | I16: Shared UI — no dedicated frame
A17: M01.01.04 | B17: Feature | C17: Dashboard | D17: Overview | E17: Appointment requests widget | F17: Pending requests with Accept / Decline. | G17: =COUNTIF('Screen Inventory'!$F:$F,"M01.01.04") -> 0 | I17: Shared UI — no dedicated frame
A18: M01.01.05 | B18: Feature | C18: Dashboard | D18: Overview | E18: Patients seen per month | F18: Bar chart of the last 6 months with % change. | G18: =COUNTIF('Screen Inventory'!$F:$F,"M01.01.05") -> 0 | I18: Shared UI — no dedicated frame
A19: M01.01.06 | B19: Feature | C19: Dashboard | D19: Overview | E19: Recent patients | F19: Patients from the most recent visits. | G19: =COUNTIF('Screen Inventory'!$F:$F,"M01.01.06") -> 0 | I19: Shared UI — no dedicated frame
A20: M02 | B20: Module | C20: Appointments | F20: Clinic schedule: calendar views, booking, request handling and appointment lifecycle. | G20: =COUNTIF('Screen Inventory'!$B:$B,"M02") -> 26
A21: M02.01 | B21: Sub-module | C21: Appointments | D21: Calendar Views | F21: Day, week and month calendar of appointments. | G21: =COUNTIF('Screen Inventory'!$D:$D,"M02.01") -> 5
A22: M02.01.01 | B22: Feature | C22: Appointments | D22: Calendar Views | E22: Day view | F22: Hourly timeline per dentist with status counts, Next up, and the requests panel. | G22: =COUNTIF('Screen Inventory'!$F:$F,"M02.01.01") -> 2 | H22: Open
A23: M02.01.02 | B23: Feature | C23: Appointments | D23: Calendar Views | E23: Date filter | F23: Date picker to jump to a specific day. | G23: =COUNTIF('Screen Inventory'!$F:$F,"M02.01.02") -> 1 | H23: Open
A24: M02.01.03 | B24: Feature | C24: Appointments | D24: Calendar Views | E24: Week view | F24: Week grid with appointment counts per day. | G24: =COUNTIF('Screen Inventory'!$F:$F,"M02.01.03") -> 1 | H24: Open
A25: M02.01.04 | B25: Feature | C25: Appointments | D25: Calendar Views | E25: Month view | F25: Month grid of appointments. | G25: =COUNTIF('Screen Inventory'!$F:$F,"M02.01.04") -> 1 | H25: Open
A26: M02.01.05 | B26: Feature | C26: Appointments | D26: Calendar Views | E26: Filters & toolbar | F26: Today, treatment filter, chair filter, Day/Week/Month toggle, Full screen, New appointment. | G26: =COUNTIF('Screen Inventory'!$F:$F,"M02.01.05") -> 0 | I26: Shared UI — no dedicated frame
A27: M02.01.06 | B27: Feature | C27: Appointments | D27: Calendar Views | E27: Status legend & summary | F27: Confirmed, Pending, Rescheduled, Cancelled, Completed, In chair, Checked in, No-show. | G27: =COUNTIF('Screen Inventory'!$F:$F,"M02.01.06") -> 0 | I27: Shared UI — no dedicated frame
A28: M02.02 | B28: Sub-module | C28: Appointments | D28: Appointment Details | F28: Modal to view and act on a single appointment. | G28: =COUNTIF('Screen Inventory'!$D:$D,"M02.02") -> 12
A29: M02.02.01 | B29: Feature | C29: Appointments | D29: Appointment Details | E29: View details | F29: Appointment details modal opened from the calendar. | G29: =COUNTIF('Screen Inventory'!$F:$F,"M02.02.01") -> 1 | H29: Open
A30: M02.02.02 | B30: Feature | C30: Appointments | D30: Appointment Details | E30: Status states | F30: Details modal for Pending, Confirmed, Rescheduled, Cancelled and Completed. | G30: =COUNTIF('Screen Inventory'!$F:$F,"M02.02.02") -> 6 | H30: Open
A31: M02.02.03 | B31: Feature | C31: Appointments | D31: Appointment Details | E31: Reschedule | F31: Pick a new date and time for an appointment. | G31: =COUNTIF('Screen Inventory'!$F:$F,"M02.02.03") -> 1 | H31: Open
A32: M02.02.04 | B32: Feature | C32: Appointments | D32: Appointment Details | E32: Cancel appointment | F32: Confirmation dialog for cancelling. | G32: =COUNTIF('Screen Inventory'!$F:$F,"M02.02.04") -> 1 | H32: Open
A33: M02.02.05 | B33: Feature | C33: Appointments | D33: Appointment Details | E33: More actions menu | F33: Overflow actions on a confirmed appointment. | G33: =COUNTIF('Screen Inventory'!$F:$F,"M02.02.05") -> 1 | H33: Open
A34: M02.02.06 | B34: Feature | C34: Appointments | D34: Appointment Details | E34: Change procedure | F34: Multi-select to change the booked procedures. | G34: =COUNTIF('Screen Inventory'!$F:$F,"M02.02.06") -> 1 | H34: Open
A35: M02.02.07 | B35: Feature | C35: Appointments | D35: Appointment Details | E35: Last visit history | F35: Expandable summary of the patient's last visit. | G35: =COUNTIF('Screen Inventory'!$F:$F,"M02.02.07") -> 1 | H35: Open
A36: M02.03 | B36: Sub-module | C36: Appointments | D36: Add Appointment | F36: Step-by-step booking flow. | G36: =COUNTIF('Screen Inventory'!$D:$D,"M02.03") -> 7
A37: M02.03.01 | B37: Feature | C37: Appointments | D37: Add Appointment | E37: Select patient | F37: Search and pick a patient (empty, dropdown and selected states). | G37: =COUNTIF('Screen Inventory'!$F:$F,"M02.03.01") -> 3 | H37: Open
A38: M02.03.02 | B38: Feature | C38: Appointments | D38: Add Appointment | E38: Select procedure & schedule | F38: Choose procedures, dentist, date and time. | G38: =COUNTIF('Screen Inventory'!$F:$F,"M02.03.02") -> 1 | H38: Open
A39: M02.03.03 | B39: Feature | C39: Appointments | D39: Add Appointment | E39: All procedures list | F39: Browse the full procedure catalogue. | G39: =COUNTIF('Screen Inventory'!$F:$F,"M02.03.03") -> 1 | H39: Open
A40: M02.03.04 | B40: Feature | C40: Appointments | D40: Add Appointment | E40: Review & confirm | F40: Summary before booking. | G40: =COUNTIF('Screen Inventory'!$F:$F,"M02.03.04") -> 1 | H40: Open
A41: M02.03.05 | B41: Feature | C41: Appointments | D41: Add Appointment | E41: Booking confirmation | F41: Success state after booking. | G41: =COUNTIF('Screen Inventory'!$F:$F,"M02.03.05") -> 1 | H41: Open
A42: M02.04 | B42: Sub-module | C42: Appointments | D42: Appointment Requests | F42: Online booking requests waiting for the dentist. | G42: =COUNTIF('Screen Inventory'!$D:$D,"M02.04") -> 2
A43: M02.04.01 | B43: Feature | C43: Appointments | D43: Appointment Requests | E43: Requests drawer | F43: Search requests; Accept / Decline; New / Approved / Declined tabs. | G43: =COUNTIF('Screen Inventory'!$F:$F,"M02.04.01") -> 1 | H43: Open
A44: M02.04.02 | B44: Feature | C44: Appointments | D44: Appointment Requests | E44: Request details | F44: Full details of a single request. | G44: =COUNTIF('Screen Inventory'!$F:$F,"M02.04.02") -> 1 | H44: Open
A45: M03 | B45: Module | C45: Patients | F45: Patient records: registry, profile, clinical, financial, documents and images. | G45: =COUNTIF('Screen Inventory'!$B:$B,"M03") -> 39
A46: M03.01 | B46: Sub-module | C46: Patients | D46: Patient List | F46: Directory of all patients. | G46: =COUNTIF('Screen Inventory'!$D:$D,"M03.01") -> 1
A47: M03.01.01 | B47: Feature | C47: Patients | D47: Patient List | E47: Patient list | F47: Table of name, dentist, last procedure, last visit, balance, status; search; pagination. | G47: =COUNTIF('Screen Inventory'!$F:$F,"M03.01.01") -> 1 | H47: Open
A48: M03.02 | B48: Sub-module | C48: Patients | D48: Add Patient | F48: Register a new patient with duplicate checks. | G48: =COUNTIF('Screen Inventory'!$D:$D,"M03.02") -> 5
A49: M03.02.01 | B49: Feature | C49: Patients | D49: Add Patient | E49: Add patient form | F49: Photo, patient information, contact details, tags and notes. | G49: =COUNTIF('Screen Inventory'!$F:$F,"M03.02.01") -> 1 | H49: Open
A50: M03.02.02 | B50: Feature | C50: Patients | D50: Add Patient | E50: Add success | F50: Confirmation after the record is created. | G50: =COUNTIF('Screen Inventory'!$F:$F,"M03.02.02") -> 1 | H50: Open
A51: M03.02.03 | B51: Feature | C51: Patients | D51: Add Patient | E51: Duplicate detection | F51: Compare the new entry with a matching existing record (% match). | G51: =COUNTIF('Screen Inventory'!$F:$F,"M03.02.03") -> 1 | H51: Open
A52: M03.02.04 | B52: Feature | C52: Patients | D52: Add Patient | E52: Merge records | F52: Confirm merging with the existing record. | G52: =COUNTIF('Screen Inventory'!$F:$F,"M03.02.04") -> 1 | H52: Open
A53: M03.02.05 | B53: Feature | C53: Patients | D53: Add Patient | E53: Merge success | F53: Confirmation after merging. | G53: =COUNTIF('Screen Inventory'!$F:$F,"M03.02.05") -> 1 | H53: Open
A54: M03.03 | B54: Sub-module | C54: Patients | D54: Patient Details · Header | F54: Shared header and side panel on every patient tab. | G54: =COUNTIF('Screen Inventory'!$D:$D,"M03.03") -> 0
A55: M03.03.01 | B55: Feature | C55: Patients | D55: Patient Details · Header | E55: Patient summary | F55: ID, name, status, member since, age, DOB, gender, primary dentist, last visit. | G55: =COUNTIF('Screen Inventory'!$F:$F,"M03.03.01") -> 0 | I55: Shared UI — no dedicated frame
A56: M03.03.02 | B56: Feature | C56: Patients | D56: Patient Details · Header | E56: Quick actions | F56: Message, Book appointment, Print information, Update, More action. | G56: =COUNTIF('Screen Inventory'!$F:$F,"M03.03.02") -> 0 | I56: Shared UI — no dedicated frame
A57: M03.03.03 | B57: Feature | C57: Patients | D57: Patient Details · Header | E57: Outstanding balance | F57: Balance and last payment; Add payment; View statement. | G57: =COUNTIF('Screen Inventory'!$F:$F,"M03.03.03") -> 0 | I57: Shared UI — no dedicated frame
A58: M03.03.04 | B58: Feature | C58: Patients | D58: Patient Details · Header | E58: Recent activity | F58: Audit feed of changes to the patient record. | G58: =COUNTIF('Screen Inventory'!$F:$F,"M03.03.04") -> 0 | I58: Shared UI — no dedicated frame
A59: M03.04 | B59: Sub-module | C59: Patients | D59: General | F59: Demographics and admin details. | G59: =COUNTIF('Screen Inventory'!$D:$D,"M03.04") -> 2
A60: M03.04.01 | B60: Feature | C60: Patients | D60: General | E60: View general info | F60: Contact, emergency contact, other info, data-privacy consent, insurance, membership, notes. | G60: =COUNTIF('Screen Inventory'!$F:$F,"M03.04.01") -> 1 | H60: Open
A61: M03.04.02 | B61: Feature | C61: Patients | D61: General | E61: Edit general info | F61: Edit mode for the General tab. | G61: =COUNTIF('Screen Inventory'!$F:$F,"M03.04.02") -> 1 | H61: Open
A62: M03.05 | B62: Sub-module | C62: Patients | D62: Medical History | F62: Health questionnaire. | G62: =COUNTIF('Screen Inventory'!$D:$D,"M03.05") -> 2
A63: M03.05.01 | B63: Feature | C63: Patients | D63: Medical History | E63: View medical history | F63: Answers to medical questions; last reviewed; Mark as reviewed. | G63: =COUNTIF('Screen Inventory'!$F:$F,"M03.05.01") -> 1 | H63: Open
A64: M03.05.02 | B64: Feature | C64: Patients | D64: Medical History | E64: Edit medical history | F64: Edit mode for medical history answers. | G64: =COUNTIF('Screen Inventory'!$F:$F,"M03.05.02") -> 1 | H64: Open
A65: M03.06 | B65: Sub-module | C65: Patients | D65: Dental Record Chart | F65: Odontogram of tooth conditions and findings. | G65: =COUNTIF('Screen Inventory'!$D:$D,"M03.06") -> 3
A66: M03.06.01 | B66: Feature | C66: Patients | D66: Dental Record Chart | E66: Chart · collapsed | F66: Chart with the findings summary collapsed. | G66: =COUNTIF('Screen Inventory'!$F:$F,"M03.06.01") -> 1 | H66: Open
A67: M03.06.02 | B67: Feature | C67: Patients | D67: Dental Record Chart | E67: Chart · expanded | F67: Chart with the summary of conditions per tooth expanded. | G67: =COUNTIF('Screen Inventory'!$F:$F,"M03.06.02") -> 1 | H67: Open
A68: M03.06.03 | B68: Feature | C68: Patients | D68: Dental Record Chart | E68: Full-screen chart | F68: Distraction-free chart editing. | G68: =COUNTIF('Screen Inventory'!$F:$F,"M03.06.03") -> 1 | H68: Open
A69: M03.07 | B69: Sub-module | C69: Patients | D69: Transaction Record | F69: Billable procedures and purchases. | G69: =COUNTIF('Screen Inventory'!$D:$D,"M03.07") -> 3
A70: M03.07.01 | B70: Feature | C70: Patients | D70: Transaction Record | E70: Transaction list | F70: Filter by All / Paid / Unpaid / Partial / Cancelled; date range; pagination. | G70: =COUNTIF('Screen Inventory'!$F:$F,"M03.07.01") -> 1 | H70: Open
A71: M03.07.02 | B71: Feature | C71: Patients | D71: Transaction Record | E71: Add transaction · type | F71: Choose the transaction type (Procedure, Purchase item). | G71: =COUNTIF('Screen Inventory'!$F:$F,"M03.07.02") -> 1 | H71: Open
A72: M03.07.03 | B72: Feature | C72: Patients | D72: Transaction Record | E72: Add transaction · procedure | F72: Enter procedure line items. | G72: =COUNTIF('Screen Inventory'!$F:$F,"M03.07.03") -> 1 | H72: Open
A73: M03.08 | B73: Sub-module | C73: Patients | D73: Statement of Account | F73: Ledger of charges and payments. | G73: =COUNTIF('Screen Inventory'!$D:$D,"M03.08") -> 1
A74: M03.08.01 | B74: Feature | C74: Patients | D74: Statement of Account | E74: Statement of account | F74: Date range ledger with amount, payments and running balance; Print. | G74: =COUNTIF('Screen Inventory'!$F:$F,"M03.08.01") -> 1 | H74: Open
A75: M03.09 | B75: Sub-module | C75: Patients | D75: Docs | F75: Clinical and legal documents. | G75: =COUNTIF('Screen Inventory'!$D:$D,"M03.09") -> 11
A76: M03.09.01 | B76: Feature | C76: Patients | D76: Docs | E76: Document list | F76: Table of documents with type filter. | G76: =COUNTIF('Screen Inventory'!$F:$F,"M03.09.01") -> 1 | H76: Open
A77: M03.09.02 | B77: Feature | C77: Patients | D77: Docs | E77: Row actions menu | F77: Per-document actions. | G77: =COUNTIF('Screen Inventory'!$F:$F,"M03.09.02") -> 1 | H77: Open
A78: M03.09.03 | B78: Feature | C78: Patients | D78: Docs | E78: Add document · choose type | F78: Pick Prescription, Dental Certificate, Informed Consent, Privacy Notice, Upload or Custom. | G78: =COUNTIF('Screen Inventory'!$F:$F,"M03.09.03") -> 1 | H78: Open
A79: M03.09.04 | B79: Feature | C79: Patients | D79: Docs | E79: Prescription | F79: Medicines and dosage on the clinic Rx letterhead. | G79: =COUNTIF('Screen Inventory'!$F:$F,"M03.09.04") -> 1 | H79: Open
A80: M03.09.05 | B80: Feature | C80: Patients | D80: Docs | E80: Dental certificate | F80: Certify an exam or procedure for school or work. | G80: =COUNTIF('Screen Inventory'!$F:$F,"M03.09.05") -> 1 | H80: Open
A81: M03.09.06 | B81: Feature | C81: Patients | D81: Docs | E81: Informed consent | F81: Record patient consent before a procedure. | G81: =COUNTIF('Screen Inventory'!$F:$F,"M03.09.06") -> 1 | H81: Open
A82: M03.09.07 | B82: Feature | C82: Patients | D82: Docs | E82: Privacy notice & consent | F82: Data-privacy notice with tap-to-sign and signed states. | G82: =COUNTIF('Screen Inventory'!$F:$F,"M03.09.07") -> 3 | H82: Open
A83: M03.09.08 | B83: Feature | C83: Patients | D83: Docs | E83: Upload document | F83: Attach a scan, x-ray or PDF. | G83: =COUNTIF('Screen Inventory'!$F:$F,"M03.09.08") -> 1 | H83: Open
A84: M03.09.09 | B84: Feature | C84: Patients | D84: Docs | E84: Custom document | F84: Free-form document on the clinic letterhead. | G84: =COUNTIF('Screen Inventory'!$F:$F,"M03.09.09") -> 1 | H84: Open
A85: M03.10 | B85: Sub-module | C85: Patients | D85: Images | F85: Clinical photos and albums. | G85: =COUNTIF('Screen Inventory'!$D:$D,"M03.10") -> 11
A86: M03.10.01 | B86: Feature | C86: Patients | D86: Images | E86: Photos | F86: Photo grid including the empty state. | G86: =COUNTIF('Screen Inventory'!$F:$F,"M03.10.01") -> 2 | H86: Open
A87: M03.10.02 | B87: Feature | C87: Patients | D87: Images | E87: Upload photos | F87: Upload new photos (empty and filled states). | G87: =COUNTIF('Screen Inventory'!$F:$F,"M03.10.02") -> 2 | H87: Open
A88: M03.10.03 | B88: Feature | C88: Patients | D88: Images | E88: Albums | F88: Group photos into albums. | G88: =COUNTIF('Screen Inventory'!$F:$F,"M03.10.03") -> 1 | H88: Open
A89: M03.10.04 | B89: Feature | C89: Patients | D89: Images | E89: Album detail | F89: View an album; add photos from patient photos or upload new. | G89: =COUNTIF('Screen Inventory'!$F:$F,"M03.10.04") -> 3 | H89: Open
A90: M03.10.05 | B90: Feature | C90: Patients | D90: Images | E90: Photo viewer | F90: Full-size viewer with edit details and delete confirmation. | G90: =COUNTIF('Screen Inventory'!$F:$F,"M03.10.05") -> 3 | H90: Open
A91: M04 | B91: Module | C91: Reports | F91: Exportable reports for audits, outreach and payouts. | G91: =COUNTIF('Screen Inventory'!$B:$B,"M04") -> 6
A92: M04.01 | B92: Sub-module | C92: Reports | D92: Patients Report | F92: Filter patient records and export them. | G92: =COUNTIF('Screen Inventory'!$D:$D,"M04.01") -> 5
A93: M04.01.01 | B93: Feature | C93: Reports | D93: Patients Report | E93: Filters & dentist selection | F93: Empty state with filters and dentist dropdown. | G93: =COUNTIF('Screen Inventory'!$F:$F,"M04.01.01") -> 1 | H93: Open
A94: M04.01.02 | B94: Feature | C94: Reports | D94: Patients Report | E94: Patient details report | F94: Age, gender, insurance, effective date, status, tag. | G94: =COUNTIF('Screen Inventory'!$F:$F,"M04.01.02") -> 1 | H94: Open
A95: M04.01.03 | B95: Feature | C95: Reports | D95: Patients Report | E95: Procedure report | F95: Procedures done per patient by date. | G95: =COUNTIF('Screen Inventory'!$F:$F,"M04.01.03") -> 1 | H95: Open
A96: M04.01.04 | B96: Feature | C96: Reports | D96: Patients Report | E96: Tooth condition report | F96: Findings per tooth number. | G96: =COUNTIF('Screen Inventory'!$F:$F,"M04.01.04") -> 1 | H96: Open
A97: M04.01.05 | B97: Feature | C97: Reports | D97: Patients Report | E97: Filter columns | F97: Choose which columns to show and export. | G97: =COUNTIF('Screen Inventory'!$F:$F,"M04.01.05") -> 1 | H97: Open
A98: M04.02 | B98: Sub-module | C98: Reports | D98: Commission Report | F98: Dentist commission from patient transactions. | G98: =COUNTIF('Screen Inventory'!$D:$D,"M04.02") -> 1
A99: M04.02.01 | B99: Feature | C99: Reports | D99: Commission Report | E99: Commission report | F99: Transactions with total, paid and commission; Pending / Available / Paid out; page totals. | G99: =COUNTIF('Screen Inventory'!$F:$F,"M04.02.01") -> 1 | H99: Open
A100: M05 | B100: Module | C100: Account | F100: The dentist's own account settings. | G100: =COUNTIF('Screen Inventory'!$B:$B,"M05") -> 11
A101: M05.01 | B101: Sub-module | C101: Account | D101: Profile | F101: Personal and login details. | G101: =COUNTIF('Screen Inventory'!$D:$D,"M05.01") -> 6
...

Sheet Screen Inventory
A1: Screen Inventory (Figma frames)
A2: Source: Figma file 'Dentist' (https://www.figma.com/design/dAKa9xPhXAuRKat5jGS8Hx/Dentist), Page 1, as of Oct 11, 2026. One row per frame; modal states inside the 'Appointment details modal · All statuses' section are listed individually.
A4: # | B4: Module ID | C4: Module | D4: Sub-module ID | E4: Sub-module | F4: Feature ID | G4: Feature | H4: Figma frame name | I4: Figma link
A5: 1 | B5: M01 | C5: Dashboard | D5: M01.01 | E5: Overview | F5: M01.01.01 | G5: Greeting & day summary | H5: Dashboard — Dentist · Overview | I5: Open
A6: 2 | B6: M02 | C6: Appointments | D6: M02.01 | E6: Calendar Views | F6: M02.01.01 | G6: Day view | H6: Appointments - Day | I6: Open
A7: 3 | B7: M02 | C7: Appointments | D7: M02.01 | E7: Calendar Views | F7: M02.01.01 | G7: Day view | H7: Appointments - Day | I7: Open
A8: 4 | B8: M02 | C8: Appointments | D8: M02.01 | E8: Calendar Views | F8: M02.01.02 | G8: Date filter | H8: Appointments - Day · Date filter | I8: Open
A9: 5 | B9: M02 | C9: Appointments | D9: M02.01 | E9: Calendar Views | F9: M02.01.03 | G9: Week view | H9: Appointments - Week | I9: Open
A10: 6 | B10: M02 | C10: Appointments | D10: M02.01 | E10: Calendar Views | F10: M02.01.04 | G10: Month view | H10: Appointments - Month | I10: Open
A11: 7 | B11: M02 | C11: Appointments | D11: M02.02 | E11: Appointment Details | F11: M02.02.01 | G11: View details | H11: Appointments - Day · Details · Modal | I11: Open
A12: 8 | B12: M02 | C12: Appointments | D12: M02.02 | E12: Appointment Details | F12: M02.02.02 | G12: Status states | H12: Details modal · Pending | I12: Open
A13: 9 | B13: M02 | C13: Appointments | D13: M02.02 | E13: Appointment Details | F13: M02.02.02 | G13: Status states | H13: Details modal · Confirmed | I13: Open
A14: 10 | B14: M02 | C14: Appointments | D14: M02.02 | E14: Appointment Details | F14: M02.02.02 | G14: Status states | H14: Details modal · Rescheduled | I14: Open
A15: 11 | B15: M02 | C15: Appointments | D15: M02.02 | E15: Appointment Details | F15: M02.02.02 | G15: Status states | H15: Details modal · Cancelled | I15: Open
A16: 12 | B16: M02 | C16: Appointments | D16: M02.02 | E16: Appointment Details | F16: M02.02.02 | G16: Status states | H16: Details modal · Completed | I16: Open
... A87: 83 | B87: M05 | C87: Account | D87: M05.02 | E87: My Signature | F87: M05.02.05 | G87: Remove signature | H87: Profile — Account · My signature · Remove confirmation | I87: Open
